{
  "labels": {
    "area: examples": ["examples/**"],
    "area: documentation": ["docs/**", "errors/**"],
    "area: create-next-app": ["packages/create-next-app/**"],
    "type: next": [
      "packages/next/**",
      "packages/react-dev-overlay/**",
      "packages/react-refresh-utils/**",
      "packages/next-codemod/**",
      "packages/eslint-plugin-next/**",
      "packages/eslint-config-next/**",
      "packages/next-env/**",
      "packages/next-swc/**"
    ],
    "created-by: Chrome Aurora": [
      { "type": "user", "pattern": "spanicker" },
      { "type": "user", "pattern": "housseindjirdeh" },
      { "type": "user", "pattern": "devknoll" },
      { "type": "user", "pattern": "janicklas-ralph" },
      { "type": "user", "pattern": "atcastle" },
      { "type": "user", "pattern": "kyliau" },
      { "type": "user", "pattern": "kara" }
    ],
    "created-by: Next.js team": [
      { "type": "user", "pattern": "ijjk" },
      { "type": "user", "pattern": "padmaia" },
      { "type": "user", "pattern": "huozhi" },
      { "type": "user", "pattern": "shuding" },
      { "type": "user", "pattern": "sokra" },
      { "type": "user", "pattern": "styfle" },
      { "type": "user", "pattern": "leerob" },
      { "type": "user", "pattern": "kdy1" },
      { "type": "user", "pattern": "timneutkens" }
    ],
    "created-by: Next.js docs team": [
      { "type": "user", "pattern": "MaedahBatool" },
      { "type": "user", "pattern": "molebox" },
      { "type": "user", "pattern": "ismaelrumzan" }
    ]
  }
}
